mediafire keywords,mediafire description,imgur keywords,imgur description,mega keywords,mega description,dropbox keywords,dropbox description,wetransfer keywords,wetransfer description,yts keywords,yts description,savefrom keywords,savefrom description,box keywords,box description,zippyshare keywords,zippyshare description,rutracker keywords,rutracker description,1fichier keywords,1fichier description,rapidgator keywords,rapidgator description,anonfiles keywords,anonfiles description,trontv keywords,trontv description,thepiratebay keywords,thepiratebay description,nocookie keywords,nocookie description,1377x keywords,1377x description,utorrent keywords,utorrent description
online storage,MediaFire is a simple to use free service that lets you put all your photos,,Find,,MEGA provides free cloud storage with convenient and powerful always-on privacy. Claim your free 20GB now,,Dropbox helps you simplify your workflow. So you can spend more time in your flow.,,WeTransfer is the simplest way to send your files around the world. Share large files and photos. Transfer up to 2GB free. File sharing made easy!,yts,The official YTS YIFY Movies Torrents website. Download free yify movies torrents in 720p,,SaveFrom Video Downloader allows to download videos from the Internet in mp4 fast and free. Our downloader provides really easy video download from YouTube,file sharing,Box empowers your teams by making it easy to work with people inside and outside your organization,,,,,,,file hosting,Download file from Rapidgator. Cloud hosting solutions,,,"Viral,free,videos,movie,previews,video game,reviews,TRON,TronTV,token,crypto,Justin Sun",TronTV - Watch the latest and greatest viral video content for free!,mp3,Download music,,,,1377x.to - Download verified torrents: movies,µtorrent,Download torrents with the official µTorrent client for Windows
free storage,documents,,rate and share the best memes and images. Discover the magic of the Internet at Imgur.,,,,,,,yify,1080p and 3D quality. The fastest downloads at the smallest size.,,TikTok,cloud storage,protect your valuable content,,,,,,,cloud hosting,safe and secure file hosting,,,,,avi,movies,,,,music,utorrent,Mac
cloud Storage,music,,,,,,,,,yify movies,,,Instagram,online file storage,and connect all your apps.,,,,,,,safe and secure hosting,,,,,,bittorrent,games,,,,games,torrent,Android and Linux with desktop and web-based options available.
collaboration,and video in a single place so you can access them anywhere and share them everywhere.,,,,,,,,,yts movies,,,Facebook,apps,,,,,,,,file sharing,,,,,,torrent,software and much more. The Pirate Bay is the galaxy's most resilient BitTorrent site.,,,,software | 1337x.org | 1337x.to,torrents,
backup file Sharing,,,,,,,,,,yts torrents,,,Vimeo,application platform,,,,,,,,,,,,,,torrents,,,,,,torrent client,
share Files,,,,,,,,,,yify movies,,,Dailymotion and much more!,ECM,,,,,,,,,,,,,,movies,,,,,,torrent downloader,
photo backup,,,,,,,,,,yify torrents,,,,,,,,,,,,,,,,,,music,,,,,,torrent software,
photo sharing,,,,,,,,,,,,,,,,,,,,,,,,,,,,games,,,,,,utorrent web,
ftp replacement,,,,,,,,,,,,,,,,,,,,,,,,,,,,applications,,,,,,utweb,
cross platform,,,,,,,,,,,,,,,,,,,,,,,,,,,,apps,,,,,,mac torrent,
remote access,,,,,,,,,,,,,,,,,,,,,,,,,,,,download,,,,,,download torrent,
mobile access,,,,,,,,,,,,,,,,,,,,,,,,,,,,upload,,,,,,,
send large files,,,,,,,,,,,,,,,,,,,,,,,,,,,,share,,,,,,,
recover files,,,,,,,,,,,,,,,,,,,,,,,,,,,,kopimi,,,,,,,
file versioning,,,,,,,,,,,,,,,,,,,,,,,,,,,,magnets,,,,,,,
undelete,,,,,,,,,,,,,,,,,,,,,,,,,,,,magnet,,,,,,,
Windows,,,,,,,,,,,,,,,,,,,,,,,,,,,,,,,,,,,
PC,,,,,,,,,,,,,,,,,,,,,,,,,,,,,,,,,,,
Mac,,,,,,,,,,,,,,,,,,,,,,,,,,,,,,,,,,,
OS X,,,,,,,,,,,,,,,,,,,,,,,,,,,,,,,,,,,
Linux,,,,,,,,,,,,,,,,,,,,,,,,,,,,,,,,,,,
iPhone,,,,,,,,,,,,,,,,,,,,,,,,,,,,,,,,,,,
iPad,,,,,,,,,,,,,,,,,,,,,,,,,,,,,,,,,,,
Android,,,,,,,,,,,,,,,,,,,,,,,,,,,,,,,,,,,
