espn keywords,espn description,marca keywords,marca description,as keywords,as description,cricbuzz keywords,cricbuzz description,mlb keywords,mlb description,futbol24 keywords,futbol24 description,espncricinfo keywords,espncricinfo description,sports keywords,sports description,bolavip keywords,bolavip description,mundodeportivo keywords,mundodeportivo description,yr keywords,yr description,kooora keywords,kooora description,hupu keywords,hupu description,sportskeeda keywords,sportskeeda description,wplay keywords,wplay description,gazzetta keywords,gazzetta description,goal keywords,goal description,cbssports keywords,cbssports description
ESPN,Visit ESPN to get up-to-the-minute sports news coverage,,La mejor información deportiva en castellano actualizada minuto a minuto en noticias,,Últimas noticias de deportes en el principal diario deportivo en español.  Noticias y vídeos de fútbol,,Get the IPL 2022 Live Live Cricket Score,,Coverage includes audio and video clips,,,"cricket,scores,news,matches,schedule,videos,stats,squads,points table,county cricket,the ashes,west indies v india,tnpl",Find Live Cricket Scores,,Yahoo! Sports - Comprehensive  news,,Todas las noticias deportivas en Bolavip: Champions League,,Las noticias del FC Barcelona y del deporte hoy en MD: resultados de fútbol,,Værvarsel time for time,,,",虎扑,虎扑体育,虎扑社区,篮球,NBA中文社区,足球,英超,西甲,直文化,直文化社区","虎扑是以体育赛事和日常生活为主的专业直文化社区网站,专注于NBA直播,NBA视频,NBA赛程,NBA常规赛,NBA季后赛,NBA总决赛,NBA新闻,英超,西甲,意甲,法甲,德甲,中超,欧冠,亚冠,游戏电竞,英雄联盟等全部篮球足球电竞排球赛事,以步行街为代表的专业论坛",sports news,Read all the Latest Sports News & Live Updates in Sportskeeda. Get Live Scores,,Wplay.co Casa de Apuestas deportivas en Colombia ✅ Regístrate y obtén bono de bienvenida para apuestas online,gazzetta,Leggi su gazzetta.it le ultime news sportive live,,The latest football news,,CBS Sports features live scoring
sports scores,scores,,vídeos,,baloncesto,,Scorecard,,interviews,,,,Match updates,,scores,,Copa Libertadores,,partidos en directo,,langtidsvarsel og nedbørkart fra NRK og Meteorologisk institutt.,,,,,sports news india,Fixtures,,Aplican TyC | Autoriza Coljuegos.,gazzetta dello sport,scopri i risultati in diretta e video di calcio,,live scores,,news
sports news,highlights and commentary for NFL,,fotos,,fórmula 1,,Schedules of International and Domestic cricket matches along with Latest News,,statistics,,,,Fixtures,,standings,,Copa América,,Real Madrid,,,,,,,football news,Schedules,,,sport news,basket,,results,,stats
football scores,MLB,,retransmisiones y resultados en directo.,,retransmisiones en directo,,Videos and ICC Cricket Rankings of Players on Cricbuzz.,,schedules and exclusive stories.,,,,Results,,fantasy games,,Copa del Mundo,,Fórmula 1,,,,,,,cricket news,Points Table,,,notizie sportive,F1,,rumours,,and player info for NFL football
cricket scores,NBA,,,,crónicas y estadísticas con AS.com,,,,,,,,News,,rumors,,Playoffs de la NBA,,motogp,,,,,,,tennis news,Team Standings & Match Updates on All Sports like Football,,,notizie di sport,MotoGP,,transfers,,MLB baseball
rugby scores,College Football,,,,,,,,,,,,Articles,,and more,,National Football League y más. Estadísticas y Resultados EN VIVO.,,Cristiano,,,,,,,basketball news,Cricket,,,sport,ciclismo,,fixtures,,NBA basketball
f1 scores,NCAA Basketball and more.,,,,,,,,,,,,Video highlights only at ESPNcricinfo. Read Ball by Ball Commentary,,,,,,Messi y más.,,,,,,,latest sports news,NBA,,,calcio,tennis e molto altro.,,tables and player profiles from around the world,,NHL hockey
golf scores,,,,,,,,,,,,,Series schedule of all ICC International & Domestic Cricket Team Matches Online.,,,,,,,,,,,,,latest sports news india,WWE,,,calciomercato,,,including UEFA Champions League.,,college basketball and football.
tennis scores,,,,,,,,,,,,,,,,,,,,,,,,,,latest football news,Kabaddi etc.,,,basket,,,,,
MLB scores,,,,,,,,,,,,,,,,,,,,,,,,,,latest cricket news,,,,formula uno,,,,,
NFL scores,,,,,,,,,,,,,,,,,,,,,,,,,,latest tennis news,,,,f1,,,,,
NBA scores,,,,,,,,,,,,,,,,,,,,,,,,,,latest basketball news,,,,motomondiale,,,,,
NHL scores,,,,,,,,,,,,,,,,,,,,,,,,,,sports news headlines,,,,ciclismo,,,,,
College Football scores,,,,,,,,,,,,,,,,,,,,,,,,,,news update sports,,,,tennis,,,,,
College Basketball scores,,,,,,,,,,,,,,,,,,,,,,,,,,sportskeeda sports editorial,,,,notizie di calcio,,,,,
sports videos,,,,,,,,,,,,,,,,,,,,,,,,,,WWE results and rumours,,,,news calciomercato,,,,,
sports information,,,,,,,,,,,,,,,,,,,,,,,,,,latest cricket scores and updates,,,,NBA,,,,,
Fantasy sports,,,,,,,,,,,,,,,,,,,,,,,,,,sports match schedule,,,,,,,,,
Fantasy games,,,,,,,,,,,,,,,,,,,,,,,,,,,,,,,,,,,
Fantasy football,,,,,,,,,,,,,,,,,,,,,,,,,,,,,,,,,,,
Fantasy baseball,,,,,,,,,,,,,,,,,,,,,,,,,,,,,,,,,,,
