youtube keywords,youtube description,netflix keywords,netflix description,imdb keywords,imdb description,disneyplus keywords,disneyplus description,hotstar keywords,hotstar description,hbomax keywords,hbomax description,primevideo keywords,primevideo description,hulu keywords,hulu description,nicovideo keywords,nicovideo description,xfinity keywords,xfinity description,kinopoisk keywords,kinopoisk description,dailymotion keywords,dailymotion description,tenki keywords,tenki description,aparat keywords,aparat description,nhk keywords,nhk description,itv keywords,itv description,fmovies keywords,fmovies description,crunchyroll keywords,crunchyroll description
видеоклип,Наслаждавайте се на любимите си видеоклипове и музика,watch movies,Watch Netflix movies & TV shows online or stream right to your smart TV,,IMDb is the world's most popular and authoritative source for movie,,Disney+ is the home for your favorite movies and TV shows from Disney,online tv streaming,"Disney+ Hotstar is India’s largest premium streaming platform with more than 100,000 hours of drama and movies in 17 languages",,HBO Max е мястото за стрийминг на предложения на HBO,,Enjoy exclusive Amazon Originals as well as popular movies and TV shows.  Watch anytime,,Watch TV shows and movies online. Stream TV episodes of Grey's Anatomy,,日本最大級の動画サービス、ニコニコ（niconico）。動画にコメントを付けて楽しむニコニコ動画や、生放送番組にリアルタイムでコメントを付けられるニコニコ生放送のほか、イラスト・マンガ・最新ニュース・ゲームなど、エンターテイメントを全て無料で楽しめる！,,,фильм фильмы поиск кино обои афиша новости обзоры сегодня в кино скоро кассовые сборы кинотеатры актер актеры актриса режиссер сценарист фото фотография постер,Поиск фильмов,,The latest news,"天気,天気予報,台風,地震,豪雨,tenki.jp",日本気象協会公式の天気予報専門メディアです。市区町村別のピンポイントな天気予報に加え、専門的な気象情報、地震・津波などの防災情報を提供します。気象予報士が日々更新する日直予報士、花粉や熱中症、スキー積雪などの季節特集も人気です。,,,NHK,NHKの公式ホームページ。ニュース・気象災害情報や、朝ドラ・大河・紅白などさまざまな番組紹介をお届けします。イベント案内・受信契約の受付・経営に関する情報などもご覧いただけます。,,ITV Hub - the new home of ITV Player,fmovies,Watch online movies for free,,
споделяне,качвайте оригинално съдържание и го споделяйте в YouTube с всички свои близки и приятели и с целия свят.,movies online,game console,,TV and celebrity content. Find ratings and reviews for the newest movie and TV shows. Get personalized recommendations,,Pixar,online television,and coverage of every major global sporting event.,,Warner Bros.,,anywhere. Start your free trial.,,This Is Us,,,,,,новости кино,,sports,,,,,日本放送協会,,,ITV on demand and live TV. It's all of ITV in one place so you can sneak peek upcoming Premieres,fmovie,watch movies free in high quality without registration.  Just a better place for watching online movies for free. Fmovies.to,,
камера на телефон,,watch TV,PC,,and learn where to watch across hundreds of streaming providers.,,Marvel,internet tv,,,DC,,,,Bob's Burgers,,,,,,отзывы пользователей,,music and entertainment videos on Dailymotion,,,,,Japan Broadcasting Corporation,,,watch Box Sets,free movies,FFmovies.is,,
видеотелефон,,TV online,Mac,,,,Star Wars,watch tv on internet,,,Cartoon Network,,,,Brooklyn Nine-Nine,,,,,,афиша кинотеатров,,,,,,,NHK WORLD,,,series so far,online movie,FFmovies.to,,
безплатно,,TV shows online,mobile,,,,and National Geographic. Sign up for Disney+ and start streaming today.,Disney+ Hotstar,,,както и на ексклузивни HBO и Max Originals продукции,,,,Empire,,,,,,фотографии,,,,,,,総合テレビ,,,ITV Hub exclusives and even live telly. Catch up on all the stuff you love anytime,movie online,,,
качване,,watch TV shows,tablet and more.,,,,,star player,,,за първи път,,,,SNL,,,,,,постеры,,,,,,,Eテレ,,,anywhere on ITV Hub.,free movies online,,,
,,stream movies,,,,,,,,,събрани на едно място.,,,,and popular movies on your favorite devices. Start your free trial now. Cancel anytime.,,,,,,трейлеры,,,,,,,BS1,,,,watch movies online free,,,
,,stream tv,,,,,,,,,,,,,,,,,,,кассовые сборы и многое другое.,,,,,,,BSプレミアム,,,,free hd movies,,,
,,instant streaming,,,,,,,,,,,,,,,,,,,,,,,,,,BS4K,,,,"watch movies online,",,,
,,watch online,,,,,,,,,,,,,,,,,,,,,,,,,,BS8K,,,,,,,
,,movies,,,,,,,,,,,,,,,,,,,,,,,,,,ラジオ第1,,,,,,,
,,watch movies Bulgaria,,,,,,,,,,,,,,,,,,,,,,,,,,ラジオ第2,,,,,,,
,,watch TV online,,,,,,,,,,,,,,,,,,,,,,,,,,FM,,,,,,,
,,no download,,,,,,,,,,,,,,,,,,,,,,,,,,ニュース,,,,,,,
,,full length movies,,,,,,,,,,,,,,,,,,,,,,,,,,,,,,,,,
